City_ID,City,Lat,Lng,Max Temp,Humidity,Cloudiness,Wind Speed,Country,Date,Weather Description
0,Rikitea,-23.1203,-134.9692,78.82,73,100,18.32,PF,2021-04-01 06:16:11,light rain
1,Nouadhibou,20.931,-17.0347,62.6,88,0,14.97,MR,2021-04-01 06:22:29,clear sky
2,Qaanaaq,77.484,-69.3632,-10.01,67,65,8.19,GL,2021-04-01 06:15:14,broken clouds
3,Ushuaia,-54.8,-68.3,39.2,75,0,7.52,AR,2021-04-01 06:19:43,clear sky
4,Kahului,20.8947,-156.47,73.4,88,1,12.66,US,2021-04-01 06:19:09,clear sky
5,Thohoyandou,-22.9456,30.485,72.25,55,9,1.77,ZA,2021-04-01 06:22:30,clear sky
6,Vallenar,-28.5708,-70.7581,59.85,75,10,1.79,CL,2021-04-01 06:20:46,clear sky
7,Busselton,-33.65,115.3333,80.28,49,100,4.63,AU,2021-04-01 06:19:51,overcast clouds
8,Chifeng,42.2683,118.9636,56.55,29,100,4.97,CN,2021-04-01 06:22:30,overcast clouds
9,Cayenne,4.9333,-52.3333,79.0,94,40,8.46,GF,2021-04-01 06:21:45,scattered clouds
10,Geraldton,-28.7667,114.6,98.6,20,0,13.8,AU,2021-04-01 06:20:10,clear sky
11,Upernavik,72.7868,-56.1549,9.27,67,100,8.21,GL,2021-04-01 06:19:50,overcast clouds
12,Joshimath,30.5667,79.5667,63.93,19,0,8.52,IN,2021-04-01 06:20:19,clear sky
13,Mar Del Plata,-38.0023,-57.5575,66.0,100,96,6.31,AR,2021-04-01 06:18:06,overcast clouds
14,Bambous Virieux,-20.3428,57.7575,84.99,83,75,9.22,MU,2021-04-01 06:19:52,broken clouds
15,Vostok,46.4856,135.8833,39.99,65,26,6.49,RU,2021-04-01 06:20:05,scattered clouds
16,Kuito,-12.3833,16.9333,60.8,100,90,6.91,AO,2021-04-01 06:22:31,overcast clouds
17,Kavaratti,10.5669,72.642,83.68,68,50,11.18,IN,2021-04-01 06:22:31,scattered clouds
18,Rincon,32.296,-81.2354,64.4,94,1,10.36,US,2021-04-01 06:20:43,clear sky
19,Alofi,-19.0595,-169.9187,80.6,83,4,9.22,NU,2021-04-01 06:21:05,clear sky
20,Cabo San Lucas,22.8909,-109.9124,73.0,41,100,5.01,MX,2021-04-01 06:16:49,overcast clouds
21,Puerto Penasco,31.3167,-113.5333,71.01,32,20,5.99,MX,2021-04-01 06:19:00,few clouds
22,Port Elizabeth,-33.918,25.5701,64.4,77,0,12.66,ZA,2021-04-01 06:20:13,clear sky
23,Pisco,-13.7,-76.2167,68.0,77,60,4.94,PE,2021-04-01 06:19:52,smoke
24,Penzance,50.1186,-5.5371,50.0,81,0,16.11,GB,2021-04-01 06:22:31,clear sky
25,North Platte,41.1239,-100.7654,21.2,68,1,8.37,US,2021-04-01 06:22:32,clear sky
26,Carnarvon,-24.8667,113.6333,95.0,38,0,18.41,AU,2021-04-01 06:19:52,clear sky
27,New Norfolk,-42.7826,147.0587,77.0,32,99,10.0,AU,2021-04-01 06:19:53,overcast clouds
28,Nanortalik,60.1432,-45.2371,34.14,91,90,11.39,GL,2021-04-01 06:20:28,overcast clouds
29,Atuona,-9.8,-139.0333,80.74,74,79,13.87,PF,2021-04-01 06:16:26,broken clouds
30,Port Alfred,-33.5906,26.891,66.65,78,91,13.42,ZA,2021-04-01 06:16:14,overcast clouds
31,Honiara,-9.4333,159.95,82.71,76,97,2.98,SB,2021-04-01 06:22:32,overcast clouds
32,Hobart,-42.8794,147.3294,77.0,25,100,14.97,AU,2021-04-01 06:19:50,overcast clouds
33,Kontagora,10.3999,5.4695,76.1,15,69,7.47,NG,2021-04-01 06:22:32,broken clouds
34,Jawhar,2.7809,45.5005,86.65,50,88,9.69,SO,2021-04-01 06:22:33,overcast clouds
35,Tuktoyaktuk,69.4541,-133.0374,-16.6,76,20,20.71,CA,2021-04-01 06:16:33,snow
36,Mataura,-46.1927,168.8643,55.99,79,100,1.99,NZ,2021-04-01 06:16:36,overcast clouds
37,Narsaq,60.9167,-46.05,32.0,69,75,1.14,GL,2021-04-01 06:21:59,snow
38,Shima,24.4478,117.8111,84.2,65,20,8.95,CN,2021-04-01 06:22:33,few clouds
39,Goalpara,26.1667,90.6167,88.93,41,0,5.75,IN,2021-04-01 06:22:33,clear sky
40,Bredasdorp,-34.5322,20.0403,60.8,77,99,3.44,ZA,2021-04-01 06:19:50,overcast clouds
41,Muros,42.7762,-9.0603,60.01,85,100,8.68,ES,2021-04-01 06:20:32,light rain
42,Shu,43.5983,73.7614,37.0,90,100,4.0,KZ,2021-04-01 06:22:34,moderate rain
43,Leningradskiy,69.3833,178.4167,-4.38,94,100,3.71,RU,2021-04-01 06:19:54,overcast clouds
44,Vaini,-21.2,-175.2,80.6,83,75,5.75,TO,2021-04-01 06:16:27,broken clouds
45,Punta Arenas,-53.15,-70.9167,44.6,87,0,3.44,CL,2021-04-01 06:19:47,clear sky
46,Albany,42.6001,-73.9662,42.01,71,100,7.0,US,2021-04-01 06:15:12,light rain
47,Talnakh,69.4865,88.3972,-5.17,82,12,7.14,RU,2021-04-01 06:19:44,few clouds
48,Kochevo,59.5994,54.3125,32.95,92,100,6.82,RU,2021-04-01 06:22:34,overcast clouds
49,Vila Franca Do Campo,37.7167,-25.4333,57.2,88,40,4.61,PT,2021-04-01 06:22:34,scattered clouds
50,Hilo,19.7297,-155.09,66.99,81,90,3.56,US,2021-04-01 06:19:46,moderate rain
51,Botshabelo,-29.2702,26.7052,62.6,72,75,10.36,ZA,2021-04-01 06:22:35,light rain
52,Gola Bazar,26.3431,83.3553,86.0,23,1,5.75,IN,2021-04-01 06:22:35,clear sky
53,Avarua,-21.2078,-159.775,78.8,73,12,5.75,CK,2021-04-01 06:19:47,few clouds
54,Ugoofaaru,5.6667,73.0,84.61,73,68,13.91,MV,2021-04-01 06:22:35,broken clouds
55,Namibe,-15.1961,12.1522,71.6,88,40,3.58,AO,2021-04-01 06:20:35,scattered clouds
56,Torbay,47.6666,-52.7314,26.01,80,1,11.5,CA,2021-04-01 06:20:16,clear sky
57,Kukmor,56.1855,50.8944,34.09,98,100,16.46,RU,2021-04-01 06:22:36,snow
58,Vila,42.0304,-8.1588,55.0,89,100,1.01,PT,2021-04-01 06:22:36,light rain
59,Port Hardy,50.6996,-127.4199,44.6,75,75,11.5,CA,2021-04-01 06:15:17,broken clouds
60,Hermanus,-34.4187,19.2345,59.0,94,91,7.2,ZA,2021-04-01 06:16:24,overcast clouds
61,Severo-Kurilsk,50.6789,156.125,37.26,98,100,22.82,RU,2021-04-01 06:20:05,light rain
62,Kaitangata,-46.2817,169.8464,60.01,72,83,1.99,NZ,2021-04-01 06:20:17,broken clouds
63,Waslala,13.2333,-85.3833,68.45,97,12,3.44,NI,2021-04-01 06:22:36,few clouds
64,Baillif,16.0202,-61.7463,75.2,78,20,11.5,GP,2021-04-01 06:22:37,few clouds
65,Tasiilaq,65.6145,-37.6368,26.6,54,40,4.61,GL,2021-04-01 06:20:20,scattered clouds
66,Mahebourg,-20.4081,57.7,82.4,83,75,9.22,MU,2021-04-01 06:20:16,broken clouds
67,Prokudskoye,55.0089,82.4574,26.6,59,0,11.18,RU,2021-04-01 06:22:37,clear sky
68,Macamic,48.7502,-78.9996,12.2,67,75,8.05,CA,2021-04-01 06:22:37,broken clouds
69,Cape Town,-33.9258,18.4232,64.99,72,20,14.97,ZA,2021-04-01 06:19:49,few clouds
70,Lakes Entrance,-37.8811,147.981,77.0,52,66,5.01,AU,2021-04-01 06:21:51,broken clouds
71,Ponta Delgada,37.7333,-25.6667,57.2,88,40,4.61,PT,2021-04-01 06:22:38,scattered clouds
72,Manuk Mangkaw,4.8,119.85,83.91,69,100,17.54,PH,2021-04-01 06:22:38,overcast clouds
73,Zhoucheng,35.9122,116.3117,56.8,39,100,1.68,CN,2021-04-01 06:22:38,overcast clouds
74,Khatanga,71.9667,102.5,-15.74,89,19,2.13,RU,2021-04-01 06:20:06,few clouds
75,Chokurdakh,70.6333,147.9167,6.08,90,64,6.35,RU,2021-04-01 06:20:29,broken clouds
76,Thinadhoo,0.5333,72.9333,83.77,78,100,20.09,MV,2021-04-01 06:19:06,moderate rain
77,Teya,60.3778,92.6267,18.09,67,75,6.42,RU,2021-04-01 06:22:38,broken clouds
78,Samarai,-10.6167,150.6667,85.05,70,71,12.71,PG,2021-04-01 06:20:00,broken clouds
79,San Felipe,10.3399,-68.7425,72.12,96,100,5.14,VE,2021-04-01 06:22:38,overcast clouds
80,Lebu,-37.6167,-73.65,56.08,90,51,13.06,CL,2021-04-01 06:19:42,broken clouds
81,Yar-Sale,66.8333,70.8333,15.22,94,100,19.22,RU,2021-04-01 06:20:36,snow
82,Bluff,-46.6,168.3333,55.99,79,100,1.99,NZ,2021-04-01 06:19:57,overcast clouds
83,Vila Velha,-20.3297,-40.2925,69.8,94,90,2.3,BR,2021-04-01 06:16:59,overcast clouds
84,Provideniya,64.3833,-173.3,8.6,66,0,2.24,RU,2021-04-01 06:17:56,clear sky
85,Yellowknife,62.456,-114.3525,12.2,73,75,13.8,CA,2021-04-01 06:16:48,broken clouds
86,Coahuayana,18.7333,-103.6833,71.51,51,77,2.91,MX,2021-04-01 06:22:39,broken clouds
87,Atambua,-9.1061,124.8925,76.51,87,100,1.95,ID,2021-04-01 06:21:34,overcast clouds
88,Esperance,-33.8667,121.9,80.6,54,32,10.36,AU,2021-04-01 06:20:30,scattered clouds
89,Saint Anthony,45.0205,-93.218,26.01,46,1,4.61,US,2021-04-01 06:22:39,clear sky
90,San Patricio,28.017,-97.5169,69.8,52,90,23.02,US,2021-04-01 06:18:44,overcast clouds
91,Caravelas,-17.7125,-39.2481,74.21,95,82,5.61,BR,2021-04-01 06:20:00,broken clouds
92,Lardos,36.0942,28.0157,55.0,81,40,4.92,GR,2021-04-01 06:22:39,scattered clouds
93,Jamestown,42.097,-79.2353,36.0,80,90,6.91,US,2021-04-01 06:15:27,mist
94,Bulgan,48.8125,103.5347,38.68,43,100,8.39,MN,2021-04-01 06:22:40,overcast clouds
95,Smidovich,48.6,133.8167,52.14,40,57,11.01,RU,2021-04-01 06:22:40,broken clouds
96,Codrington,-38.2667,141.9667,75.78,40,89,13.13,AU,2021-04-01 06:21:42,overcast clouds
97,Puerto Ayora,-0.7393,-90.3518,73.99,95,16,2.75,EC,2021-04-01 06:20:02,few clouds
98,Hasaki,35.7333,140.8333,68.0,59,20,11.5,JP,2021-04-01 06:22:40,few clouds
99,Inhambane,-23.865,35.3833,73.4,78,20,5.5,MZ,2021-04-01 06:20:14,few clouds
100,Ndele,8.4109,20.6473,80.33,23,35,2.62,CF,2021-04-01 06:22:41,scattered clouds
101,Fort Nelson,58.8053,-122.7002,37.4,44,90,4.61,CA,2021-04-01 06:15:16,overcast clouds
102,Novelda,38.3848,-0.7677,55.99,67,95,6.42,ES,2021-04-01 06:22:41,overcast clouds
103,Kemi,65.8596,24.8228,33.8,69,0,11.5,FI,2021-04-01 06:22:41,clear sky
104,Anadyr,64.75,177.4833,6.8,78,20,8.95,RU,2021-04-01 06:22:41,snow
105,Tuatapere,-46.1333,167.6833,55.0,79,100,3.0,NZ,2021-04-01 06:20:48,overcast clouds
106,Salalah,17.0151,54.0924,91.4,29,0,3.44,OM,2021-04-01 06:22:09,clear sky
107,Isangel,-19.55,169.2667,80.6,83,90,11.07,VU,2021-04-01 06:22:42,overcast clouds
108,Kyakhta,50.3508,106.4494,41.25,28,97,14.54,RU,2021-04-01 06:22:42,overcast clouds
109,Oistins,13.0667,-59.5333,77.0,65,40,21.85,BB,2021-04-01 06:19:48,scattered clouds
110,Mount Gambier,-37.8333,140.7667,86.0,19,72,17.27,AU,2021-04-01 06:19:53,broken clouds
111,San Quintin,30.4833,-115.95,63.0,53,12,2.57,MX,2021-04-01 06:20:07,few clouds
112,Chernyshevskiy,63.0128,112.4714,8.1,77,96,10.29,RU,2021-04-01 06:22:42,overcast clouds
113,Namwala,-15.7504,26.4384,63.7,77,12,5.61,ZM,2021-04-01 06:22:43,few clouds
114,Saint George,37.1041,-113.5841,55.99,15,1,3.78,US,2021-04-01 06:21:25,clear sky
115,Ballina,-28.8667,153.5667,71.6,78,90,14.97,AU,2021-04-01 06:22:43,light rain
116,Artvin,41.1667,41.8333,50.0,76,75,3.44,TR,2021-04-01 06:22:43,broken clouds
117,Sarakhs,36.5449,61.1577,60.8,33,79,4.61,IR,2021-04-01 06:22:44,broken clouds
118,Guerrero Negro,27.9769,-114.0611,64.24,56,40,7.61,MX,2021-04-01 06:20:07,scattered clouds
119,Shaunavon,49.6501,-108.4181,32.0,55,3,8.05,CA,2021-04-01 06:18:34,clear sky
120,Kuytun,54.3419,101.5036,27.52,66,87,11.07,RU,2021-04-01 06:22:44,overcast clouds
121,Pasni,25.2631,63.471,88.75,22,0,20.49,PK,2021-04-01 06:22:44,clear sky
122,Kapaa,22.0752,-159.319,73.4,78,75,20.71,US,2021-04-01 06:19:48,light rain
123,Roma,43.2128,-75.4557,39.2,87,75,10.36,US,2021-04-01 06:22:10,broken clouds
124,Alice,27.7523,-98.0697,71.6,48,90,19.57,US,2021-04-01 06:22:45,overcast clouds
125,Fairbanks,64.8378,-147.7164,17.6,79,90,17.27,US,2021-04-01 06:21:00,light snow
126,Doume,4.2333,13.45,69.55,80,99,3.51,CM,2021-04-01 06:22:45,overcast clouds
127,Tigil,57.8,158.6667,32.02,99,100,7.07,RU,2021-04-01 06:22:45,light snow
128,Nikolskoye,59.7035,30.7861,39.0,87,0,11.18,RU,2021-04-01 06:19:47,clear sky
129,Necochea,-38.5473,-58.7368,52.0,94,98,1.99,AR,2021-04-01 06:22:45,overcast clouds
130,Broome,42.2506,-75.833,39.99,93,90,10.36,US,2021-04-01 06:21:04,overcast clouds
131,Coihaique,-45.5752,-72.0662,53.6,71,90,4.61,CL,2021-04-01 06:21:46,overcast clouds
132,Kamaishi,39.2667,141.8833,60.8,36,20,9.22,JP,2021-04-01 06:22:45,few clouds
133,Hofn,64.2539,-15.2082,42.42,65,3,10.0,IS,2021-04-01 06:20:36,clear sky
134,San Vicente De Chucuri,6.881,-73.4098,70.66,89,99,3.76,CO,2021-04-01 06:22:46,overcast clouds
135,Howard Springs,-12.497,131.047,84.2,61,100,4.61,AU,2021-04-01 06:22:46,overcast clouds
136,Marsh Harbour,26.5412,-77.0636,75.25,79,80,10.11,BS,2021-04-01 06:20:46,broken clouds
137,Afareaitu,-17.55,-149.7833,82.4,74,40,5.75,PF,2021-04-01 06:22:46,scattered clouds
138,Comodoro Rivadavia,-45.8667,-67.5,53.6,94,75,3.44,AR,2021-04-01 06:18:31,drizzle
139,Altay,47.8667,88.1167,34.09,51,86,3.87,CN,2021-04-01 06:22:47,overcast clouds
140,Clyde River,70.4692,-68.5914,-11.2,70,75,17.27,CA,2021-04-01 06:17:40,light snow
141,Katsuura,35.1333,140.3,70.0,63,40,5.75,JP,2021-04-01 06:17:02,scattered clouds
142,Los Llanos De Aridane,28.6585,-17.9182,62.6,63,0,4.61,ES,2021-04-01 06:19:58,clear sky
143,Monrovia,6.3005,-10.7969,75.2,94,42,1.34,LR,2021-04-01 06:22:47,mist
144,Chuy,-33.6971,-53.4616,63.79,73,98,6.46,UY,2021-04-01 06:20:06,overcast clouds
145,Ostrovnoy,68.0531,39.5131,31.96,98,100,13.2,RU,2021-04-01 06:21:09,light snow
146,Mersing,2.4312,103.8405,89.6,70,40,5.75,MY,2021-04-01 06:22:47,scattered clouds
147,Mantua,45.1667,10.7833,52.0,76,4,1.14,IT,2021-04-01 06:21:31,clear sky
148,Srandakan,-7.9386,110.2506,84.07,75,83,7.65,ID,2021-04-01 06:22:48,broken clouds
149,Yangjiang,21.85,111.9667,88.0,54,11,14.12,CN,2021-04-01 06:22:48,few clouds
150,Mount Isa,-20.7333,139.5,91.4,21,0,17.27,AU,2021-04-01 06:22:48,light rain
151,Manoel Urbano,-8.8389,-69.2597,72.36,98,100,1.48,BR,2021-04-01 06:22:49,overcast clouds
152,Brandfort,-28.7001,26.4597,62.6,72,75,10.36,ZA,2021-04-01 06:22:49,light rain
153,Airai,-8.9266,125.4092,63.93,92,100,1.61,TL,2021-04-01 06:20:59,overcast clouds
154,Iqaluit,63.7506,-68.5145,-7.01,77,75,33.38,CA,2021-04-01 06:17:48,snow
155,Ponta Do Sol,32.6667,-17.1,59.0,76,24,1.99,PT,2021-04-01 06:20:26,few clouds
156,Marzuq,14.4,46.4667,80.46,10,35,2.13,YE,2021-04-01 06:22:49,scattered clouds
157,Acapulco,16.8634,-99.8901,79.39,60,34,3.74,MX,2021-04-01 06:22:50,scattered clouds
158,East London,-33.0153,27.9116,66.2,82,20,6.91,ZA,2021-04-01 06:20:14,few clouds
159,Beloha,-25.1667,45.05,76.98,58,0,12.97,MG,2021-04-01 06:22:50,clear sky
160,Saint-Philippe,-21.3585,55.7679,78.8,73,75,10.36,RE,2021-04-01 06:19:56,light rain
161,Pevek,69.7008,170.3133,-1.68,89,100,3.51,RU,2021-04-01 06:16:40,overcast clouds
162,Lewistown,40.5992,-77.5714,41.0,100,90,11.5,US,2021-04-01 06:22:50,moderate rain
163,Azul,-36.777,-59.8585,52.0,91,86,6.22,AR,2021-04-01 06:22:50,overcast clouds
164,Barrow,71.2906,-156.7887,-7.6,64,1,16.11,US,2021-04-01 06:15:54,clear sky
165,Nageshwari,25.9377,89.7148,86.94,50,10,6.11,BD,2021-04-01 06:22:51,clear sky
166,Thompson,55.7435,-97.8558,19.4,63,75,4.61,CA,2021-04-01 06:20:37,broken clouds
167,Ancud,-41.8697,-73.8203,52.0,100,90,5.75,CL,2021-04-01 06:20:55,fog
168,Gamba,-2.65,10.0,73.47,90,100,6.67,GA,2021-04-01 06:22:51,overcast clouds
169,Whitianga,-36.8333,175.7,63.0,95,97,3.0,NZ,2021-04-01 06:22:51,moderate rain
170,Castro,-24.7911,-50.0119,49.24,82,2,2.39,BR,2021-04-01 06:19:49,clear sky
171,Aksarka,66.5606,67.7975,21.76,94,100,9.78,RU,2021-04-01 06:22:51,light snow
172,Progreso,21.2833,-89.6667,79.0,69,20,8.05,MX,2021-04-01 06:22:52,few clouds
173,Saldanha,-33.0117,17.9442,57.2,88,49,6.91,ZA,2021-04-01 06:16:38,scattered clouds
174,Mezen,65.8522,44.24,31.73,91,100,3.02,RU,2021-04-01 06:18:41,overcast clouds
175,Wad Madani,14.4012,33.5199,83.48,9,40,14.94,SD,2021-04-01 06:22:52,scattered clouds
176,Karratha,-20.7377,116.8463,95.61,25,3,14.41,AU,2021-04-01 06:19:57,clear sky
177,Bratsk,56.1325,101.6142,23.0,46,75,13.42,RU,2021-04-01 06:22:52,broken clouds
178,Cabedelo,-6.9811,-34.8339,75.2,100,20,3.44,BR,2021-04-01 06:22:52,few clouds
179,Chapais,49.7834,-74.8492,8.6,78,90,10.36,CA,2021-04-01 06:20:42,overcast clouds
180,Krasnoselkup,65.7,82.4667,7.77,74,13,15.88,RU,2021-04-01 06:21:07,few clouds
181,Bethel,41.3712,-73.414,54.0,82,90,10.36,US,2021-04-01 06:16:08,light rain
182,Qui Nhon,13.7667,109.2333,84.06,71,52,17.9,VN,2021-04-01 06:22:53,broken clouds
183,Axim,4.8699,-2.2405,78.39,88,15,6.22,GH,2021-04-01 06:20:40,few clouds
184,Camacupa,-12.0167,17.4833,61.48,96,96,2.24,AO,2021-04-01 06:19:53,overcast clouds
185,Arraial Do Cabo,-22.9661,-42.0278,74.26,74,18,19.24,BR,2021-04-01 06:19:51,few clouds
186,Semporna,4.4818,118.6112,87.8,74,40,6.91,MY,2021-04-01 06:22:53,scattered clouds
187,Klaksvik,62.2266,-6.589,42.8,81,75,18.41,FO,2021-04-01 06:20:03,broken clouds
188,Vrangel,42.7297,133.0839,45.39,63,0,8.32,RU,2021-04-01 06:22:53,clear sky
189,Faya,18.3851,42.4509,73.4,21,0,13.8,SA,2021-04-01 06:21:21,clear sky
190,Lengshuijiang,27.6881,111.4294,58.33,89,100,3.6,CN,2021-04-01 06:22:53,overcast clouds
191,Chimbote,-9.0853,-78.5783,67.87,90,16,5.95,PE,2021-04-01 06:22:54,few clouds
192,Hobyo,5.3505,48.5268,83.37,63,73,6.33,SO,2021-04-01 06:20:02,broken clouds
193,Henties Bay,-22.116,14.2845,69.28,76,72,6.31,NA,2021-04-01 06:20:52,broken clouds
194,Ribeira Grande,38.5167,-28.7,59.0,77,75,9.22,PT,2021-04-01 06:20:22,broken clouds
195,Kloulklubed,7.0419,134.2556,78.8,100,90,4.61,PW,2021-04-01 06:21:35,overcast clouds
196,Moron,-34.6534,-58.6198,66.99,91,4,4.23,AR,2021-04-01 06:22:54,clear sky
197,Luderitz,-26.6481,15.1594,69.19,56,0,10.29,NA,2021-04-01 06:20:25,clear sky
198,Mana,5.6592,-53.7767,75.45,88,74,9.26,GF,2021-04-01 06:22:54,broken clouds
199,Grindavik,63.8424,-22.4338,41.0,87,90,20.71,IS,2021-04-01 06:20:13,overcast clouds
200,Price,39.5994,-110.8107,30.2,40,1,9.22,US,2021-04-01 06:22:54,clear sky
201,Hambantota,6.1241,81.1185,89.6,70,20,14.97,LK,2021-04-01 06:19:51,few clouds
202,Pemba,-12.974,40.5178,78.8,78,40,11.5,MZ,2021-04-01 06:18:25,scattered clouds
203,Freeport,40.6576,-73.5832,57.2,94,90,6.91,US,2021-04-01 06:19:30,overcast clouds
204,Naze,28.3667,129.4833,69.8,94,75,19.57,JP,2021-04-01 06:16:53,heavy intensity rain
205,Lebedinyy,58.5167,125.5167,26.78,67,100,9.31,RU,2021-04-01 06:22:55,overcast clouds
206,Sao Filipe,14.8961,-24.4956,71.17,73,22,12.3,CV,2021-04-01 06:20:18,few clouds
207,Namatanai,-3.6667,152.4333,84.27,68,33,5.91,PG,2021-04-01 06:22:55,scattered clouds
208,Dikson,73.5069,80.5464,-2.69,67,100,8.79,RU,2021-04-01 06:19:43,overcast clouds
209,Belmonte,-15.8631,-38.8828,78.8,89,20,8.05,BR,2021-04-01 06:21:59,few clouds
210,Tallahassee,30.4383,-84.2807,66.2,94,90,9.22,US,2021-04-01 06:22:19,overcast clouds
211,Dunedin,-45.8742,170.5036,57.0,76,66,3.0,NZ,2021-04-01 06:22:55,broken clouds
212,Kuntaur,13.6667,-14.8833,74.12,35,0,7.4,GM,2021-04-01 06:22:55,clear sky
213,Torbat-E Jam,35.244,60.6225,53.53,32,61,3.2,IR,2021-04-01 06:22:56,broken clouds
214,Itarema,-2.9248,-39.9167,76.59,91,100,8.75,BR,2021-04-01 06:22:56,overcast clouds
215,Vardo,70.3705,31.1107,33.57,90,96,15.23,NO,2021-04-01 06:21:11,overcast clouds
216,Srednekolymsk,67.45,153.6833,11.64,82,69,7.34,RU,2021-04-01 06:20:16,broken clouds
217,Paamiut,61.994,-49.6678,36.0,76,100,27.34,GL,2021-04-01 06:21:31,overcast clouds
218,Kodiak,57.79,-152.4072,28.4,50,20,21.85,US,2021-04-01 06:18:46,few clouds
219,Vanavara,60.34,102.2797,13.84,68,86,7.96,RU,2021-04-01 06:22:56,overcast clouds
220,Farnham,51.2143,-0.7959,48.0,87,40,8.05,GB,2021-04-01 06:22:56,haze
221,Dingle,10.9995,122.6711,86.63,60,100,16.44,PH,2021-04-01 06:19:52,overcast clouds
222,Victoria,22.2855,114.1577,84.2,61,40,11.5,HK,2021-04-01 06:19:03,scattered clouds
223,Husavik,66.0449,-17.3389,44.6,57,90,11.5,IS,2021-04-01 06:21:48,overcast clouds
224,Asau,46.4333,26.4,50.0,45,92,1.83,RO,2021-04-01 06:22:57,overcast clouds
225,Acevedo,1.8361,-75.855,61.5,97,99,1.36,CO,2021-04-01 06:22:57,overcast clouds
226,Pangnirtung,66.1451,-65.7125,4.98,98,100,2.55,CA,2021-04-01 06:17:33,light snow
227,Evensk,61.95,159.2333,23.32,86,96,5.61,RU,2021-04-01 06:22:57,overcast clouds
228,Lata,40.1629,-8.3327,62.01,79,87,1.01,PT,2021-04-01 06:20:01,overcast clouds
229,Port Blair,11.6667,92.75,77.05,85,100,5.95,IN,2021-04-01 06:22:57,light rain
230,Saskylakh,71.9167,114.0833,-16.87,94,98,11.36,RU,2021-04-01 06:19:44,overcast clouds
231,Orchard Homes,46.8633,-114.0484,37.0,64,1,3.06,US,2021-04-01 06:22:57,clear sky
232,Pimentel,-6.8367,-79.9342,66.99,87,66,4.0,PE,2021-04-01 06:20:12,broken clouds
233,Souillac,-20.5167,57.5167,82.4,83,75,9.22,MU,2021-04-01 06:19:46,broken clouds
234,Touros,-5.1989,-35.4608,75.2,94,40,3.44,BR,2021-04-01 06:20:33,scattered clouds
235,Manaure,11.7751,-72.4445,78.22,76,73,20.6,CO,2021-04-01 06:22:58,broken clouds
236,Lokosovo,61.1333,74.8167,31.82,97,100,13.06,RU,2021-04-01 06:22:58,light snow
237,Kutulik,53.3508,102.7839,27.88,70,100,8.03,RU,2021-04-01 06:22:58,overcast clouds
238,Kapit,2.0167,112.9333,95.04,39,57,3.47,MY,2021-04-01 06:21:59,broken clouds
239,Ilo,-17.6394,-71.3375,68.23,82,90,6.31,PE,2021-04-01 06:22:58,overcast clouds
240,Merrill,45.1805,-89.6835,18.0,67,1,4.61,US,2021-04-01 06:22:59,clear sky
241,Constitucion,-35.3333,-72.4167,55.06,84,89,3.96,CL,2021-04-01 06:20:54,overcast clouds
242,Sinnamary,5.3833,-52.95,76.03,87,86,9.89,GF,2021-04-01 06:22:01,overcast clouds
243,Yulara,-25.2406,130.9889,86.0,13,0,14.97,AU,2021-04-01 06:22:02,clear sky
244,Taoudenni,22.6783,-3.9836,76.84,9,15,10.07,ML,2021-04-01 06:21:14,few clouds
245,Lompoc,34.6391,-120.4579,55.4,76,0,6.91,US,2021-04-01 06:18:13,clear sky
246,Morogoro,-6.8167,37.6667,71.6,100,90,1.14,TZ,2021-04-01 06:22:59,light rain
247,Requena,39.4883,-1.1004,48.99,81,0,3.44,ES,2021-04-01 06:22:59,clear sky
248,Rio Gallegos,-51.6226,-69.2181,48.2,87,40,16.11,AR,2021-04-01 06:21:40,scattered clouds
249,Matiri,-10.75,34.9,64.47,84,39,4.97,TZ,2021-04-01 06:22:59,scattered clouds
250,Biak,-0.9131,122.8766,84.72,66,97,1.81,ID,2021-04-01 06:20:42,overcast clouds
251,Port Hawkesbury,45.6169,-61.3485,45.0,100,90,4.61,CA,2021-04-01 06:20:06,overcast clouds
252,Komsomolskiy,40.4272,71.7189,42.8,52,20,32.21,UZ,2021-04-01 06:19:10,few clouds
253,Lavrentiya,65.5833,-171.0,-6.9,88,20,6.49,RU,2021-04-01 06:21:49,few clouds
254,Hervey Bay,-25.2986,152.8535,75.0,72,14,5.99,AU,2021-04-01 06:23:00,few clouds
255,Port Hedland,-20.3167,118.5667,95.0,41,0,20.71,AU,2021-04-01 06:20:59,clear sky
256,Russell,32.3502,-85.1999,50.0,76,90,12.66,US,2021-04-01 06:19:43,overcast clouds
257,Mao,39.8885,4.2658,53.6,94,0,9.22,ES,2021-04-01 06:20:49,clear sky
258,Bhawanipatna,19.9,83.1667,104.58,7,4,7.54,IN,2021-04-01 06:23:00,clear sky
259,Pochutla,15.7432,-96.4661,78.01,78,47,2.04,MX,2021-04-01 06:23:00,scattered clouds
260,Bilma,18.6853,12.9164,65.71,12,0,14.27,NE,2021-04-01 06:23:01,clear sky
261,Great Yarmouth,52.6083,1.7305,44.6,87,75,13.8,GB,2021-04-01 06:23:01,broken clouds
262,Bundaberg,-24.85,152.35,78.8,47,33,19.57,AU,2021-04-01 06:23:01,scattered clouds
263,Margate,51.3813,1.3862,46.99,82,24,8.01,GB,2021-04-01 06:19:45,few clouds
264,Zyryanka,65.75,150.85,15.26,77,92,5.64,RU,2021-04-01 06:20:08,overcast clouds
265,Hithadhoo,-0.6,73.0833,84.07,77,84,21.36,MV,2021-04-01 06:17:07,broken clouds
266,Vanderhoof,54.0166,-124.0198,29.52,97,100,1.14,CA,2021-04-01 06:23:02,overcast clouds
267,Kruisfontein,-34.0033,24.7314,64.99,77,100,1.99,ZA,2021-04-01 06:20:39,overcast clouds
268,Dong Hoi,17.4833,106.6,85.01,69,14,10.38,VN,2021-04-01 06:20:07,few clouds
269,San Fernando,15.0286,120.6898,96.8,38,40,11.54,PH,2021-04-01 06:23:02,scattered clouds
270,Shenjiamen,29.9576,122.298,61.79,94,99,1.12,CN,2021-04-01 06:23:02,overcast clouds
271,Sumbe,-11.2061,13.8437,78.8,80,40,7.11,AO,2021-04-01 06:23:02,scattered clouds
272,Port Macquarie,-31.4333,152.9167,73.0,63,73,1.99,AU,2021-04-01 06:21:25,broken clouds
273,Georgetown,5.4112,100.3354,91.0,66,40,6.91,MY,2021-04-01 06:19:57,scattered clouds
274,Tual,-5.6667,132.75,80.69,77,100,3.56,ID,2021-04-01 06:22:03,moderate rain
275,Plover,44.4564,-89.544,25.0,53,1,9.44,US,2021-04-01 06:23:03,clear sky
276,Half Moon Bay,37.4636,-122.4286,64.4,39,1,2.28,US,2021-04-01 06:16:06,clear sky
277,Lora Del Rio,37.659,-5.5275,57.2,67,0,4.61,ES,2021-04-01 06:23:03,clear sky
278,Nizwa,22.9333,57.5333,90.91,13,42,3.76,OM,2021-04-01 06:19:22,scattered clouds
279,Arman,59.7,150.1667,29.95,68,40,6.11,RU,2021-04-01 06:22:11,scattered clouds
280,Wageningen,51.9667,5.6667,52.0,87,79,1.14,NL,2021-04-01 06:23:03,mist
281,Matelandia,-25.2408,-53.9964,57.2,94,0,4.61,BR,2021-04-01 06:23:04,light rain
282,Butaritari,3.0707,172.7902,82.89,78,34,15.95,KI,2021-04-01 06:20:36,scattered clouds
283,Moundsville,39.9203,-80.7431,41.0,87,90,4.61,US,2021-04-01 06:23:04,overcast clouds
284,Ixtapa,20.7,-105.2,70.0,68,1,3.4,MX,2021-04-01 06:23:04,clear sky
285,Sobolevo,54.4299,31.8996,46.76,88,80,7.4,RU,2021-04-01 06:23:04,light rain
286,Carutapera,-1.195,-46.02,74.39,94,100,1.52,BR,2021-04-01 06:21:03,overcast clouds
287,Tazovskiy,67.4667,78.7,-7.8,83,63,16.15,RU,2021-04-01 06:21:42,broken clouds
288,Port-Cartier,50.0334,-66.8654,36.0,93,90,3.44,CA,2021-04-01 06:23:05,overcast clouds
289,Balaipungut,1.05,101.2833,87.8,51,100,9.22,ID,2021-04-01 06:23:05,overcast clouds
290,Zharkent,44.1628,80.0,50.13,33,95,4.63,KZ,2021-04-01 06:23:05,overcast clouds
291,Vangaindrano,-23.35,47.6,76.17,77,45,3.0,MG,2021-04-01 06:23:05,light rain
292,Pacific Grove,36.6177,-121.9166,62.01,39,1,5.12,US,2021-04-01 06:19:06,clear sky
293,Ulaanbaatar,47.9077,106.8832,32.0,80,75,20.13,MN,2021-04-01 06:23:06,broken clouds
294,Ayan,56.45,138.1667,31.64,72,77,3.4,RU,2021-04-01 06:23:06,broken clouds
295,Tezu,27.9167,96.1667,90.09,27,85,4.54,IN,2021-04-01 06:23:06,overcast clouds
296,Abalak,58.1286,68.5944,33.33,81,100,12.35,RU,2021-04-01 06:23:06,overcast clouds
297,Orda,57.1951,56.9091,33.1,99,100,18.52,RU,2021-04-01 06:23:07,snow
298,Svobodnyy,51.4,128.1333,48.24,32,26,12.88,RU,2021-04-01 06:19:05,scattered clouds
299,Zhigansk,66.7697,123.3711,13.53,85,100,9.1,RU,2021-04-01 06:20:52,overcast clouds
300,Cartagena,10.3997,-75.5144,78.8,83,40,5.75,CO,2021-04-01 06:23:07,scattered clouds
301,Isla Vista,34.4133,-119.861,51.8,87,1,4.34,US,2021-04-01 06:23:07,clear sky
302,Kintampo,8.0563,-1.7306,75.49,77,52,2.8,GH,2021-04-01 06:21:19,broken clouds
303,Caloundra,-26.8,153.1333,71.01,89,27,1.01,AU,2021-04-01 06:21:03,light rain
304,Santarem,-2.4431,-54.7083,72.7,97,100,2.84,BR,2021-04-01 06:21:06,moderate rain
305,La Baneza,42.3003,-5.8977,57.99,43,0,4.61,ES,2021-04-01 06:23:07,clear sky
306,Bhitarwar,25.8,78.1167,91.4,6,1,11.5,IN,2021-04-01 06:23:08,clear sky
307,Simitli,41.8833,23.1167,46.0,80,41,6.08,BG,2021-04-01 06:23:08,scattered clouds
308,Forestville,38.8451,-76.875,48.2,93,75,19.57,US,2021-04-01 06:23:08,broken clouds
309,San Cristobal,7.7669,-72.225,66.67,84,99,2.66,VE,2021-04-01 06:21:46,overcast clouds
310,Sidi Ali,36.0998,0.4206,61.56,36,65,10.13,DZ,2021-04-01 06:23:08,broken clouds
311,Port Townsend,48.117,-122.7605,45.0,81,100,5.01,US,2021-04-01 06:23:09,overcast clouds
312,Vysha,53.8477,42.3777,38.7,91,100,12.44,RU,2021-04-01 06:23:09,overcast clouds
313,Carrollton,32.9537,-96.8903,53.01,30,1,4.61,US,2021-04-01 06:23:09,clear sky
314,Kushima,31.4583,131.2333,68.0,68,75,17.27,JP,2021-04-01 06:19:24,broken clouds
315,Bathsheba,13.2167,-59.5167,77.0,65,40,21.85,BB,2021-04-01 06:18:48,scattered clouds
316,Northam,51.0333,-4.2167,51.01,89,100,4.0,GB,2021-04-01 06:19:38,overcast clouds
317,Shiyan,32.6475,110.7781,51.78,94,100,1.83,CN,2021-04-01 06:23:09,light rain
318,Santo Tomas,14.1079,121.1414,93.2,49,20,1.14,PH,2021-04-01 06:23:10,few clouds
319,Veraval,20.9,70.3667,86.36,54,5,11.83,IN,2021-04-01 06:20:19,clear sky
320,Kamenka,51.3223,42.7678,41.0,82,85,1.01,RU,2021-04-01 06:23:10,overcast clouds
321,Rapid Valley,44.0625,-103.1463,34.0,46,1,4.61,US,2021-04-01 06:23:10,clear sky
322,Tuy Hoa,13.0833,109.3,90.57,56,14,14.32,VN,2021-04-01 06:23:10,few clouds
323,Cockburn Town,21.4612,-71.1419,76.98,71,1,21.56,TC,2021-04-01 06:19:22,clear sky
324,Hatillo,18.4863,-66.8254,73.99,82,8,11.34,PR,2021-04-01 06:23:11,clear sky
325,Tongzi,28.7829,105.0877,61.2,69,100,7.56,CN,2021-04-01 06:20:44,overcast clouds
326,Tukrah,32.5341,20.5791,54.32,72,0,2.08,LY,2021-04-01 06:23:11,clear sky
327,Kaeo,-35.1,173.7833,63.0,92,26,3.0,NZ,2021-04-01 06:20:34,scattered clouds
328,Bima,-8.4667,118.7167,83.66,82,48,1.52,ID,2021-04-01 06:21:34,light rain
329,Tiksi,71.6872,128.8694,-3.48,96,100,10.76,RU,2021-04-01 06:19:56,overcast clouds
330,Fortuna,40.5982,-124.1573,50.0,62,1,8.05,US,2021-04-01 06:20:23,clear sky
331,Panaba,21.2833,-88.2667,72.52,85,78,6.4,MX,2021-04-01 06:23:11,broken clouds
332,George Town,5.4112,100.3354,91.0,66,40,6.91,MY,2021-04-01 06:23:11,scattered clouds
333,Ahvaz,31.3203,48.6693,84.2,20,40,9.22,IR,2021-04-01 06:23:12,scattered clouds
334,Mpika,-11.8343,31.4529,62.1,92,98,8.81,ZM,2021-04-01 06:23:12,overcast clouds
335,Cusco,-13.5183,-71.9781,45.54,91,100,3.22,PE,2021-04-01 06:18:14,overcast clouds
336,Cidreira,-30.1811,-50.2056,67.93,76,54,10.6,BR,2021-04-01 06:20:36,broken clouds
337,Langsa,4.4683,97.9683,88.52,58,93,3.96,ID,2021-04-01 06:20:16,overcast clouds
338,Goiana,-7.5606,-35.0025,78.8,100,20,3.44,BR,2021-04-01 06:23:12,few clouds
339,Twin Falls,42.3505,-114.6445,30.2,59,1,8.05,US,2021-04-01 06:23:13,clear sky
340,Jiexiu,37.0244,111.9125,54.93,62,100,5.28,CN,2021-04-01 06:23:13,overcast clouds
341,Ilulissat,69.2167,-51.1,21.2,68,75,17.27,GL,2021-04-01 06:17:11,broken clouds
342,Kieta,-6.2167,155.6333,83.08,74,21,3.89,PG,2021-04-01 06:21:16,light rain
343,Svetlyy,54.675,20.1347,46.4,71,0,8.95,RU,2021-04-01 06:23:13,clear sky
344,Bengkulu,-3.8004,102.2655,77.05,88,100,11.99,ID,2021-04-01 06:20:16,moderate rain
345,Brigantine,39.4101,-74.3646,57.2,100,90,6.91,US,2021-04-01 06:23:14,overcast clouds
346,Brae,60.3964,-1.353,37.4,65,75,3.44,GB,2021-04-01 06:21:55,broken clouds
347,Sao Joao Da Barra,-21.6403,-41.0511,70.14,91,22,7.09,BR,2021-04-01 06:20:06,few clouds
348,Pandan,14.0453,124.1694,84.18,63,85,12.75,PH,2021-04-01 06:23:14,overcast clouds
349,Portland,45.5234,-122.6762,54.0,57,1,1.48,US,2021-04-01 06:21:20,clear sky
350,Nexo,55.0607,15.1306,46.4,76,90,5.75,DK,2021-04-01 06:23:14,moderate rain
351,Norman Wells,65.282,-126.8329,10.4,92,90,2.3,CA,2021-04-01 06:20:30,light snow
352,Marawi,7.9986,124.2928,76.05,90,100,4.63,PH,2021-04-01 06:23:14,moderate rain
353,Hay River,60.8156,-115.7999,32.0,86,100,6.91,CA,2021-04-01 06:22:02,overcast clouds
354,Baruun-Urt,46.6806,113.2792,48.81,47,100,11.95,MN,2021-04-01 06:23:15,overcast clouds
355,Rio Cuarto,-33.1307,-64.3499,55.99,92,1,5.99,AR,2021-04-01 06:19:14,clear sky
356,Aswan,24.0934,32.907,67.1,23,0,11.65,EG,2021-04-01 06:23:15,clear sky
357,Port Keats,-14.25,129.55,81.01,62,100,11.14,AU,2021-04-01 06:23:15,light rain
358,Perth,-31.9333,115.8333,91.99,29,0,10.36,AU,2021-04-01 06:20:52,clear sky
359,Nipawin,53.3668,-104.0009,33.8,75,20,11.5,CA,2021-04-01 06:21:40,few clouds
360,Bend,44.0582,-121.3153,46.99,45,1,6.91,US,2021-04-01 06:23:15,clear sky
361,Tavira,37.1273,-7.6486,62.6,94,75,9.22,PT,2021-04-01 06:23:16,broken clouds
362,Tura,25.5198,90.2201,87.82,45,42,7.43,IN,2021-04-01 06:20:24,scattered clouds
363,Jumla,29.2747,82.1838,63.95,10,0,12.24,NP,2021-04-01 06:21:36,clear sky
364,Massakory,12.996,15.7293,71.71,13,47,12.86,TD,2021-04-01 06:23:16,scattered clouds
365,Vilyuysk,63.7553,121.6247,24.51,74,93,4.29,RU,2021-04-01 06:23:16,overcast clouds
366,Elko,41.0002,-115.5012,39.0,38,1,5.75,US,2021-04-01 06:18:52,clear sky
367,Llanes,43.4198,-4.7549,61.61,53,100,7.43,ES,2021-04-01 06:23:17,overcast clouds
368,Coquimbo,-29.9533,-71.3436,53.6,94,0,4.61,CL,2021-04-01 06:23:17,clear sky
369,Te Anau,-45.4167,167.7167,61.11,55,100,4.5,NZ,2021-04-01 06:19:59,overcast clouds
370,Xapuri,-10.6517,-68.5044,72.32,98,100,1.97,BR,2021-04-01 06:23:17,overcast clouds
371,Poya,-21.35,165.15,75.94,79,100,11.23,NC,2021-04-01 06:23:17,moderate rain
372,Vuktyl,63.8567,57.3094,33.13,94,100,7.96,RU,2021-04-01 06:23:18,overcast clouds
373,Bud,39.447,-86.1758,32.0,59,48,9.75,US,2021-04-01 06:23:18,scattered clouds
374,Ilinge,-31.9768,27.0427,57.67,73,6,2.93,ZA,2021-04-01 06:23:18,clear sky
375,Kavieng,-2.5744,150.7967,83.75,69,36,2.89,PG,2021-04-01 06:17:01,scattered clouds
376,Ahipara,-35.1667,173.1667,63.86,77,21,6.55,NZ,2021-04-01 06:16:55,few clouds
377,Bandarbeyla,9.4942,50.8122,82.15,49,43,5.86,SO,2021-04-01 06:21:08,scattered clouds
378,Taltal,-25.4,-70.4833,61.99,84,8,1.25,CL,2021-04-01 06:19:46,clear sky
379,Roald,62.5833,6.1333,37.4,81,75,4.61,NO,2021-04-01 06:21:50,broken clouds
380,Emerald,-23.5333,148.1667,87.8,27,40,11.5,AU,2021-04-01 06:23:18,scattered clouds
381,Zunyi,27.6867,106.9072,69.46,68,91,8.5,CN,2021-04-01 06:23:19,overcast clouds
382,Kangaatsiaq,68.3065,-53.4641,17.91,83,100,16.55,GL,2021-04-01 06:23:19,overcast clouds
383,Sindou,10.6667,-5.1667,77.0,20,31,3.6,BF,2021-04-01 06:23:19,scattered clouds
384,Midland,31.9974,-102.0779,50.0,27,1,9.22,US,2021-04-01 06:23:01,clear sky
385,Longyearbyen,78.2186,15.6401,28.4,74,75,17.27,SJ,2021-04-01 06:19:52,broken clouds
386,Ayr,55.4627,-4.6339,41.0,81,0,10.36,GB,2021-04-01 06:23:19,clear sky
387,Boende,-0.2167,20.8667,71.17,96,61,2.48,CD,2021-04-01 06:20:51,light rain
388,Kidal,18.4411,1.4078,71.94,10,0,10.65,ML,2021-04-01 06:17:25,clear sky
389,Olafsvik,64.8945,-23.7142,40.71,90,100,19.39,IS,2021-04-01 06:20:27,overcast clouds
390,Kichmengskiy Gorodok,59.9816,45.7854,33.3,95,100,7.23,RU,2021-04-01 06:23:20,overcast clouds
391,Claresholm,50.0333,-113.5852,42.8,36,82,6.91,CA,2021-04-01 06:20:23,broken clouds
392,Pekan,3.4836,103.3996,91.4,66,40,3.44,MY,2021-04-01 06:23:20,scattered clouds
393,La Ronge,55.1001,-105.2842,33.8,80,90,4.61,CA,2021-04-01 06:21:10,overcast clouds
394,Malinovoye Ozero,51.6753,79.7825,30.94,63,53,2.21,RU,2021-04-01 06:23:20,broken clouds
395,Gari,59.4307,62.3497,34.25,84,100,12.64,RU,2021-04-01 06:23:20,overcast clouds
396,Toamasina,-18.1667,49.3833,78.8,94,75,9.22,MG,2021-04-01 06:23:21,light rain
397,Chinsali,-10.5414,32.0816,63.61,91,99,6.33,ZM,2021-04-01 06:23:21,overcast clouds
398,Mizan Teferi,6.9833,35.5833,71.73,69,91,0.65,ET,2021-04-01 06:23:21,light rain
399,Udachnyy,66.4167,112.4,-6.11,80,100,11.56,RU,2021-04-01 06:16:19,overcast clouds
400,Bairiki,1.3292,172.9752,84.2,79,20,8.05,KI,2021-04-01 06:20:38,light rain
401,Merauke,-8.4667,140.3333,82.83,76,91,8.9,ID,2021-04-01 06:20:08,overcast clouds
402,Palmer,42.1584,-72.3287,54.0,100,90,5.75,US,2021-04-01 06:23:21,light rain
403,Grand Gaube,-20.0064,57.6608,84.99,71,8,7.0,MU,2021-04-01 06:20:57,clear sky
404,Montepuez,-13.1256,38.9997,70.43,77,16,9.22,MZ,2021-04-01 06:23:22,few clouds
405,Pangkalanbuun,-2.6833,111.6167,93.0,46,94,5.08,ID,2021-04-01 06:23:22,light rain
406,Tucuman,-26.8241,-65.2226,66.2,94,90,2.3,AR,2021-04-01 06:23:05,overcast clouds
407,Tabou,4.423,-7.3528,78.01,90,62,4.12,CI,2021-04-01 06:21:49,broken clouds
408,Praia,14.9215,-23.5087,68.0,73,75,17.27,CV,2021-04-01 06:23:22,broken clouds
409,Jishou,28.3167,109.7167,55.9,91,100,3.89,CN,2021-04-01 06:23:22,overcast clouds
410,Rapar,23.5667,70.6333,94.87,11,0,7.02,IN,2021-04-01 06:23:23,clear sky
411,Quchan,37.106,58.5095,47.28,46,87,15.3,IR,2021-04-01 06:23:23,overcast clouds
412,Aklavik,68.2191,-135.0107,-4.0,77,100,9.22,CA,2021-04-01 06:20:44,light snow
413,Alta Floresta,-9.8756,-56.0861,69.89,98,97,2.57,BR,2021-04-01 06:20:00,overcast clouds
414,Ciudad Valles,21.9833,-99.0167,72.28,91,71,4.14,MX,2021-04-01 06:23:23,broken clouds
415,Ganzhou,28.8184,115.4327,68.32,88,100,3.83,CN,2021-04-01 06:23:23,overcast clouds
416,Lorengau,-2.0226,147.2712,83.55,73,75,2.55,PG,2021-04-01 06:20:35,light rain
417,Jati,24.3539,68.2671,97.75,5,0,10.89,PK,2021-04-01 06:23:24,clear sky
418,Caruray,10.3094,119.0128,84.2,79,75,4.61,PH,2021-04-01 06:23:24,broken clouds
419,Nuristan,35.3,70.8333,27.18,29,3,11.86,AF,2021-04-01 06:23:24,clear sky
420,San Jose,37.3394,-121.895,64.4,29,1,1.39,US,2021-04-01 06:22:41,clear sky
421,Shellbrook,53.2168,-106.4011,35.6,75,75,5.75,CA,2021-04-01 06:23:24,broken clouds
422,Spanish Town,17.9911,-76.9574,78.8,73,20,2.3,JM,2021-04-01 06:23:25,few clouds
423,Ise,34.4833,136.7,66.0,74,96,8.99,JP,2021-04-01 06:23:25,overcast clouds
424,Eureka,40.8021,-124.1637,50.0,66,1,4.61,US,2021-04-01 06:23:25,clear sky
425,Kanniyakumari,8.0833,77.5667,88.3,69,68,19.91,IN,2021-04-01 06:19:10,broken clouds
426,Sao Jose Da Coroa Grande,-8.8978,-35.1478,77.41,86,89,6.17,BR,2021-04-01 06:19:26,overcast clouds
427,Lokot,52.565,34.5776,45.99,91,73,10.71,RU,2021-04-01 06:23:25,broken clouds
428,Sturgeon Falls,46.3646,-79.9326,28.0,74,90,17.27,CA,2021-04-01 06:23:25,light snow
429,Shelburne,44.0787,-80.2041,30.0,77,73,13.02,CA,2021-04-01 06:23:26,broken clouds
430,Bani Walid,31.7566,13.9942,53.74,77,0,0.94,LY,2021-04-01 06:23:26,clear sky
431,Hammerfest,70.6634,23.6821,33.8,86,75,13.47,NO,2021-04-01 06:23:26,broken clouds
432,Deputatskiy,69.3,139.9,6.04,87,98,3.18,RU,2021-04-01 06:20:28,overcast clouds
433,Miandrivazo,-19.5167,45.4667,83.17,58,0,3.65,MG,2021-04-01 06:23:26,clear sky
434,Hualmay,-11.0964,-77.6139,68.45,88,20,5.99,PE,2021-04-01 06:23:27,few clouds
435,Obera,-27.4871,-55.1199,54.0,86,15,2.98,AR,2021-04-01 06:21:27,few clouds
436,Santa Fe,-31.6333,-60.7,64.0,79,0,5.23,AR,2021-04-01 06:23:27,clear sky
437,Atar,20.5169,-13.0499,76.8,23,91,10.38,MR,2021-04-01 06:20:12,overcast clouds
438,Gizo,-8.103,156.8419,84.38,68,58,2.77,SB,2021-04-01 06:23:27,broken clouds
439,Shingu,33.7333,135.9833,69.8,46,75,6.91,JP,2021-04-01 06:20:35,broken clouds
440,Diego De Almagro,-26.3667,-70.05,58.39,57,2,1.36,CL,2021-04-01 06:23:27,clear sky
441,Burnie,-41.0667,145.9167,70.75,55,99,11.48,AU,2021-04-01 06:23:28,overcast clouds
442,Changli,39.7042,119.1506,61.32,31,58,9.4,CN,2021-04-01 06:23:28,broken clouds
443,Okoneshnikovo,54.8377,75.0834,22.46,83,27,13.42,RU,2021-04-01 06:23:28,scattered clouds
444,Lusambo,-4.9667,23.45,70.84,98,99,1.43,CD,2021-04-01 06:23:28,light rain
445,Tapes,-30.6733,-51.3958,65.66,78,32,6.82,BR,2021-04-01 06:20:47,scattered clouds
446,Campeche,19.0,-90.5,74.77,66,68,3.49,MX,2021-04-01 06:21:13,broken clouds
447,Chipinge,-20.1883,32.6236,66.72,55,57,1.01,ZW,2021-04-01 06:23:29,broken clouds
448,Antalaha,-14.9003,50.2788,79.97,84,22,6.64,MG,2021-04-01 06:23:29,light rain
449,Wamba,8.9333,8.6,73.87,21,94,2.04,NG,2021-04-01 06:23:29,overcast clouds
450,Sakakah,29.9697,40.2064,59.0,36,0,6.91,SA,2021-04-01 06:23:29,clear sky
451,Oshnaviyeh,37.0397,45.0983,53.6,62,20,4.61,IR,2021-04-01 06:19:02,few clouds
452,Richards Bay,-28.783,32.0377,72.99,80,93,5.84,ZA,2021-04-01 06:20:22,overcast clouds
453,Nileshwar,12.25,75.1,86.31,61,7,11.25,IN,2021-04-01 06:23:30,clear sky
454,Lalibela,12.0333,39.0333,68.36,26,70,2.42,ET,2021-04-01 06:23:30,broken clouds
455,Bogotol,56.2078,89.5342,26.67,85,100,13.67,RU,2021-04-01 06:23:30,overcast clouds
456,Marrakesh,31.6315,-8.0083,53.6,87,0,4.61,MA,2021-04-01 06:21:23,clear sky
457,Paracatu,-17.2222,-46.8747,66.13,75,1,2.62,BR,2021-04-01 06:23:30,clear sky
458,Shediac,46.2198,-64.5411,54.0,87,90,6.91,CA,2021-04-01 06:23:31,overcast clouds
459,Iralaya,15.0,-83.2333,78.67,81,5,12.95,HN,2021-04-01 06:23:31,clear sky
460,Varhaug,58.6147,5.6457,36.0,97,35,14.99,NO,2021-04-01 06:23:31,scattered clouds
461,Constantine,36.365,6.6147,44.6,76,0,2.3,DZ,2021-04-01 06:23:31,clear sky
462,Walvis Bay,-22.9575,14.5053,68.0,68,39,1.14,NA,2021-04-01 06:23:32,scattered clouds
463,Harper,4.375,-7.7169,78.13,89,68,4.74,LR,2021-04-01 06:23:32,broken clouds
464,Hovd,48.0056,91.6419,33.84,30,86,9.31,MN,2021-04-01 06:21:27,overcast clouds
465,Nome,64.5011,-165.4064,1.4,60,1,9.22,US,2021-04-01 06:21:26,clear sky
466,Ozernovskiy,51.5,156.5167,39.09,90,100,16.69,RU,2021-04-01 06:23:32,light rain
467,Dombasle-Sur-Meurthe,48.6252,6.3497,51.8,87,0,1.14,FR,2021-04-01 06:23:32,clear sky
468,Bireun,5.203,96.7009,84.0,64,99,6.13,ID,2021-04-01 06:23:32,overcast clouds
469,Monywa,22.1167,95.1333,97.02,22,5,4.43,MM,2021-04-01 06:23:33,clear sky
470,Porto Santo,33.072,-16.3415,62.6,82,40,11.5,PT,2021-04-01 06:21:04,scattered clouds
471,Gao,16.6362,1.637,70.86,9,0,11.92,ML,2021-04-01 06:23:33,clear sky
472,Opuwo,-18.0607,13.84,66.13,85,58,11.59,NA,2021-04-01 06:23:33,broken clouds
473,Shizunai,42.3339,142.3669,45.09,63,4,15.55,JP,2021-04-01 06:20:10,clear sky
474,Saint-Pierre,-21.3393,55.4781,78.8,73,75,10.36,RE,2021-04-01 06:20:10,light rain
475,Kokopo,-4.352,152.2633,82.26,77,43,5.3,PG,2021-04-01 06:23:33,light rain
476,Lazaro Cardenas,17.9583,-102.2,74.3,58,45,4.0,MX,2021-04-01 06:23:34,scattered clouds
477,Wasilla,61.5814,-149.4394,28.4,50,90,4.61,US,2021-04-01 06:23:34,light snow
478,Yerbogachen,61.2767,108.0108,10.38,70,100,12.48,RU,2021-04-01 06:21:32,overcast clouds
479,Bow Island,49.8668,-111.3684,37.4,56,14,8.05,CA,2021-04-01 06:23:34,few clouds
480,Kuah,6.3265,99.8432,89.6,70,40,5.75,MY,2021-04-01 06:23:35,light rain
481,Mazarron,37.5992,-1.3149,55.0,93,99,10.56,ES,2021-04-01 06:23:35,overcast clouds
482,Troitsko-Pechorsk,62.7084,56.1964,33.19,92,99,6.67,RU,2021-04-01 06:23:35,overcast clouds
483,Port Augusta,-32.5,137.7667,91.0,18,0,11.5,AU,2021-04-01 06:23:35,clear sky
484,Bam,29.106,58.357,76.24,8,0,5.26,IR,2021-04-01 06:23:35,clear sky
485,Kholtoson,50.2981,103.3097,36.05,46,100,3.38,RU,2021-04-01 06:23:36,overcast clouds
486,Gueret,46.1667,1.8667,53.6,35,0,5.75,FR,2021-04-01 06:23:36,clear sky
487,Portobelo,9.55,-79.65,79.0,85,70,17.0,PA,2021-04-01 06:20:23,broken clouds
488,Akdepe,42.0551,59.3788,46.4,39,0,18.41,TM,2021-04-01 06:20:40,clear sky
489,Kupang,-10.1667,123.5833,82.4,78,40,16.11,ID,2021-04-01 06:23:36,moderate rain
490,General Roca,-39.0333,-67.5833,64.4,55,40,13.8,AR,2021-04-01 06:23:36,moderate rain
491,Bondo,3.8146,23.6866,75.74,65,65,3.53,CD,2021-04-01 06:23:37,broken clouds
492,Salvador,13.8333,-88.9167,80.6,69,40,2.3,SV,2021-04-01 06:23:37,scattered clouds
493,Ouadda,8.0777,22.4007,79.38,22,35,4.7,CF,2021-04-01 06:23:37,scattered clouds
494,Todos Santos,23.45,-110.2167,73.0,57,100,7.83,MX,2021-04-01 06:23:37,overcast clouds
495,Weligama,5.9667,80.4167,87.89,63,65,12.26,LK,2021-04-01 06:23:38,broken clouds
496,Karaton,-6.3424,106.1045,84.2,65,40,12.66,ID,2021-04-01 06:23:38,light rain
497,Pryluky,50.5932,32.3876,45.23,84,96,9.98,UA,2021-04-01 06:23:38,overcast clouds
498,Kiama,-34.6833,150.8667,73.0,72,0,5.01,AU,2021-04-01 06:23:38,clear sky
499,Aguimes,27.9054,-15.4461,64.4,82,20,5.75,ES,2021-04-01 06:23:38,few clouds
500,Pontian Kecil,1.4801,103.3899,93.2,62,20,4.61,MY,2021-04-01 06:23:39,few clouds
501,Bonavista,48.6499,-53.1147,24.8,80,7,4.61,CA,2021-04-01 06:23:39,clear sky
502,Balapulang,-7.05,109.0833,85.87,69,48,6.67,ID,2021-04-01 06:23:39,scattered clouds
503,Flin Flon,54.7682,-101.865,29.14,96,96,8.93,CA,2021-04-01 06:23:39,overcast clouds
504,Eagle Pass,28.7091,-100.4995,64.4,32,90,10.36,US,2021-04-01 06:20:28,overcast clouds
505,Kampene,-3.6,26.6667,69.75,96,97,0.6,CD,2021-04-01 06:23:40,overcast clouds
506,Cacapava Do Sul,-30.5122,-53.4914,52.02,93,36,3.42,BR,2021-04-01 06:23:40,scattered clouds
507,Wanning,18.8003,110.3967,84.85,66,11,14.63,CN,2021-04-01 06:21:24,few clouds
508,Charlestown,-32.95,151.6667,73.99,78,42,1.01,AU,2021-04-01 06:23:40,scattered clouds
509,Miranda,3.2499,-76.2281,69.8,88,75,4.61,CO,2021-04-01 06:23:40,broken clouds
510,Vanimo,-2.6741,141.3028,82.58,74,71,5.5,PG,2021-04-01 06:21:16,light rain
511,Sechura,-5.5569,-80.8222,71.73,74,19,12.37,PE,2021-04-01 06:23:40,few clouds
512,Villa Carlos Paz,-31.4241,-64.4978,57.99,93,40,4.61,AR,2021-04-01 06:23:41,scattered clouds
513,Entre Rios,-11.9419,-38.0844,72.46,95,86,3.15,BR,2021-04-01 06:23:41,overcast clouds
514,Zabol,32.25,67.25,58.01,17,0,18.66,AF,2021-04-01 06:23:41,clear sky
515,Chimoio,-19.1164,33.4833,64.4,100,75,1.74,MZ,2021-04-01 06:23:41,fog
516,Itoman,26.1247,127.6694,80.6,78,75,8.05,JP,2021-04-01 06:23:42,broken clouds
517,Cherskiy,68.75,161.3,5.86,89,100,5.64,RU,2021-04-01 06:20:13,overcast clouds
518,Bilibino,68.0546,166.4372,11.84,92,100,2.57,RU,2021-04-01 06:20:09,light snow
519,Chara,56.9064,118.2631,20.62,66,57,0.87,RU,2021-04-01 06:23:42,broken clouds
520,Linfen,36.0889,111.5189,59.32,49,100,5.44,CN,2021-04-01 06:23:42,overcast clouds
521,Naryan-Mar,67.6713,53.087,30.69,94,100,6.6,RU,2021-04-01 06:21:14,overcast clouds
522,Lake Elsinore,33.6681,-117.3273,64.0,15,17,5.88,US,2021-04-01 06:19:57,few clouds
523,Nortelandia,-14.4547,-56.8028,72.75,82,90,1.77,BR,2021-04-01 06:23:42,overcast clouds
524,Donskoye,45.4552,41.9741,37.4,100,90,15.66,RU,2021-04-01 06:23:43,mist
525,Astorga,-23.2325,-51.6656,64.4,72,0,3.24,BR,2021-04-01 06:23:43,clear sky
526,Christchurch,-43.5333,172.6333,55.99,67,6,13.8,NZ,2021-04-01 06:19:05,clear sky
527,Dzialdowo,53.2396,20.17,35.6,100,0,4.92,PL,2021-04-01 06:23:43,clear sky
528,Tanda,26.55,82.65,96.03,2,0,13.13,IN,2021-04-01 06:23:43,clear sky
529,Miranda De Ebro,42.6865,-2.947,46.4,66,0,1.14,ES,2021-04-01 06:23:44,clear sky
530,Vao,-22.6667,167.4833,73.81,82,100,13.73,NC,2021-04-01 06:19:21,heavy intensity rain
531,Kabalo,-6.05,26.9167,72.54,84,86,3.47,CD,2021-04-01 06:23:44,overcast clouds
532,Kitob,39.0843,66.8332,44.6,57,1,9.22,UZ,2021-04-01 06:23:44,clear sky
533,Praia Da Vitoria,38.7333,-27.0667,57.2,82,20,3.62,PT,2021-04-01 06:19:59,few clouds
534,Golden,39.7555,-105.2211,36.0,44,1,4.61,US,2021-04-01 06:21:02,clear sky
535,Yuancheng,36.652,107.7896,41.5,92,100,4.68,CN,2021-04-01 06:23:45,overcast clouds
536,Bowen,-20.0167,148.2333,80.6,69,75,21.85,AU,2021-04-01 06:23:45,broken clouds
537,Laguna,38.421,-121.4238,60.01,58,1,2.98,US,2021-04-01 06:19:55,clear sky
538,Tabas,33.5959,56.9244,71.96,12,6,2.15,IR,2021-04-01 06:23:45,clear sky
539,Gemena,3.25,19.7667,76.14,76,72,3.56,CD,2021-04-01 06:23:45,broken clouds
540,Swan Hill,-35.3378,143.5544,84.29,21,41,4.09,AU,2021-04-01 06:18:16,scattered clouds
541,San Carlos De Bariloche,-41.1456,-71.3082,57.2,72,0,10.36,AR,2021-04-01 06:23:45,clear sky
542,Meulaboh,4.1363,96.1285,76.96,84,100,7.36,ID,2021-04-01 06:21:58,overcast clouds
543,Moerai,-22.4333,-151.3333,80.62,69,18,21.54,PF,2021-04-01 06:23:46,few clouds
544,Yenangyaung,20.4667,94.8833,99.9,22,7,9.04,MM,2021-04-01 06:23:46,clear sky
545,Paceco,37.9787,12.5566,61.0,93,0,3.44,IT,2021-04-01 06:23:46,clear sky
546,Dicabisagan,17.0818,122.4157,85.42,64,27,8.03,PH,2021-04-01 06:23:46,scattered clouds
547,Kolomyya,48.5306,25.0403,42.8,93,92,3.18,UA,2021-04-01 06:23:18,overcast clouds
548,Havre,49.5833,0.3333,55.4,76,0,3.44,FR,2021-04-01 06:23:47,clear sky
549,San Borja,-14.8167,-66.85,71.26,98,100,2.08,BO,2021-04-01 06:23:47,overcast clouds
550,Dera Bugti,29.0307,69.151,88.29,4,0,7.67,PK,2021-04-01 06:23:47,clear sky
551,Kashi,39.4547,75.9797,50.0,46,40,8.95,CN,2021-04-01 06:23:47,scattered clouds
552,Adrar,20.5022,-10.0711,76.14,9,100,3.53,MR,2021-04-01 06:21:11,overcast clouds
553,Cape Girardeau,37.3834,-89.7168,39.99,45,1,6.91,US,2021-04-01 06:23:48,clear sky
554,Miraflores,19.2167,-98.8083,59.0,51,1,11.5,MX,2021-04-01 06:23:48,clear sky
555,Hurghada,27.2574,33.8129,64.4,45,0,9.22,EG,2021-04-01 06:21:41,clear sky
556,Butte,39.6499,-121.5677,62.6,39,1,8.05,US,2021-04-01 06:21:30,clear sky
557,Hopfgarten,50.9833,11.2667,53.01,66,0,12.66,DE,2021-04-01 06:23:48,clear sky
558,Torit,4.4133,32.5678,82.11,51,74,2.1,SS,2021-04-01 06:23:49,broken clouds
559,Ust-Tsilma,65.441,52.1498,32.45,88,100,4.9,RU,2021-04-01 06:23:49,overcast clouds
560,Humaita,-7.5061,-63.0208,69.22,99,99,0.83,BR,2021-04-01 06:23:49,overcast clouds
561,Uglegorsk,49.0833,142.0333,33.12,77,14,6.96,RU,2021-04-01 06:23:49,few clouds
562,Salinas,36.6777,-121.6555,62.6,39,1,3.67,US,2021-04-01 06:23:50,clear sky
563,Moyale,3.5167,39.0584,74.5,66,7,14.18,KE,2021-04-01 06:23:50,light rain
564,Vaasa,63.096,21.6158,37.4,70,0,6.91,FI,2021-04-01 06:23:50,clear sky
565,Houma,29.5958,-90.7195,59.0,51,90,16.11,US,2021-04-01 06:23:50,overcast clouds
566,Fort Saint James,54.4333,-124.25,32.27,92,100,3.13,CA,2021-04-01 06:23:51,overcast clouds
567,Dimitrovgrad,54.2139,49.6184,41.0,70,100,22.37,RU,2021-04-01 06:23:51,moderate rain
568,Dawei,14.0833,98.2,91.0,54,52,10.36,MM,2021-04-01 06:20:07,broken clouds
569,Sri Aman,1.2376,111.4621,89.6,70,40,3.44,MY,2021-04-01 06:23:51,scattered clouds
570,Waipawa,-41.4122,175.5153,59.0,62,59,17.27,NZ,2021-04-01 06:22:08,broken clouds
571,Pokrovskoye,47.4157,38.8971,42.01,75,0,15.99,RU,2021-04-01 06:23:51,clear sky
572,Sioux Lookout,50.1001,-91.917,10.4,79,1,5.75,CA,2021-04-01 06:23:52,clear sky
573,Ordzhonikidze,52.4411,61.7408,27.7,87,81,15.41,KZ,2021-04-01 06:23:52,broken clouds
574,Pierre,44.3683,-100.351,28.0,63,1,8.05,US,2021-04-01 06:16:00,clear sky
575,Acajutla,13.5928,-89.8275,75.99,85,28,5.95,SV,2021-04-01 06:23:52,scattered clouds
576,Santiago Del Estero,-27.7951,-64.2615,69.42,59,93,5.44,AR,2021-04-01 06:23:53,overcast clouds
577,Strangnas,59.3774,17.0312,36.0,69,0,6.91,SE,2021-04-01 06:23:53,clear sky
578,Sawtell,-30.3833,153.1,75.2,64,75,19.57,AU,2021-04-01 06:23:53,broken clouds
579,Baghdad,33.3406,44.4009,68.0,42,0,14.97,IQ,2021-04-01 06:23:53,clear sky
580,Tomelloso,39.1522,-3.0243,48.2,61,0,9.22,ES,2021-04-01 06:23:54,clear sky
581,Dwarka,22.2394,68.9678,85.05,53,0,10.2,IN,2021-04-01 06:19:09,clear sky
582,Gallup,35.5281,-108.7426,28.4,24,1,3.44,US,2021-04-01 06:23:54,clear sky
583,Kaoma,-14.7833,24.8,63.84,76,21,7.45,ZM,2021-04-01 06:23:54,few clouds
584,Dickinson,29.4608,-95.0513,59.0,36,90,20.71,US,2021-04-01 06:23:54,overcast clouds
585,Hamilton,39.1834,-84.5333,37.0,48,20,14.97,US,2021-04-01 06:19:57,few clouds
586,Ambilobe,-13.2,49.05,81.61,75,88,3.2,MG,2021-04-01 06:20:13,overcast clouds
587,Maues,-3.3836,-57.7186,72.36,98,100,1.57,BR,2021-04-01 06:23:54,overcast clouds
588,Kenai,60.5544,-151.2583,28.4,68,90,4.61,US,2021-04-01 06:23:55,overcast clouds
589,Pinsk,52.1229,26.0951,50.41,78,27,6.51,BY,2021-04-01 06:23:24,scattered clouds
590,Kununurra,-15.7667,128.7333,93.2,33,100,14.97,AU,2021-04-01 06:20:59,overcast clouds
591,Faanui,-16.4833,-151.75,82.9,68,100,4.94,PF,2021-04-01 06:20:19,overcast clouds
592,Alghero,40.5589,8.3181,42.8,100,0,1.14,IT,2021-04-01 06:23:55,clear sky
593,Seoul,37.5683,126.9778,73.4,14,0,11.5,KR,2021-04-01 06:20:00,light rain
594,Dambulla,7.86,80.6517,93.16,41,61,9.4,LK,2021-04-01 06:23:55,broken clouds
595,Vestmannaeyjar,63.4427,-20.2734,42.42,81,93,17.92,IS,2021-04-01 06:22:00,overcast clouds
596,Yoichi,43.2039,140.7703,52.0,76,40,20.71,JP,2021-04-01 06:23:55,scattered clouds
597,Buluang,13.3068,123.3425,88.84,50,85,1.54,PH,2021-04-01 06:23:56,overcast clouds
598,Gornopravdinsk,60.05,69.9,32.43,91,100,11.54,RU,2021-04-01 06:22:06,overcast clouds
599,Bay Roberts,47.5999,-53.2648,25.0,87,9,3.33,CA,2021-04-01 06:23:56,clear sky
600,Chicama,-7.8447,-79.1469,70.03,81,42,5.48,PE,2021-04-01 06:23:56,scattered clouds
601,Methoni,36.8197,21.7049,53.01,50,40,5.75,GR,2021-04-01 06:23:56,scattered clouds
602,Craig,40.5153,-107.5464,30.2,74,1,5.12,US,2021-04-01 06:20:33,clear sky
603,Coari,-4.085,-63.1414,72.77,98,100,0.72,BR,2021-04-01 06:23:57,overcast clouds
604,Alice Springs,-23.7,133.8833,87.01,20,0,14.97,AU,2021-04-01 06:22:00,clear sky
605,Nuuk,64.1835,-51.7216,32.0,86,75,54.09,GL,2021-04-01 06:17:44,light snow
606,San Luis,-33.295,-66.3356,60.69,68,8,8.7,AR,2021-04-01 06:23:57,clear sky
607,Save,8.0425,2.486,76.55,86,43,3.76,BJ,2021-04-01 06:23:57,scattered clouds
608,High Level,58.5169,-117.136,30.2,80,40,4.07,CA,2021-04-01 06:23:57,scattered clouds
609,Thunder Bay,48.4001,-89.3168,14.0,73,1,3.44,CA,2021-04-01 06:19:19,clear sky
610,Surat Thani,9.1667,99.25,97.0,55,20,19.57,TH,2021-04-01 06:23:58,few clouds
611,Lincoln,40.8,-96.667,33.01,58,1,5.75,US,2021-04-01 06:22:43,clear sky
612,Artesia,33.8658,-118.0831,70.0,32,1,3.44,US,2021-04-01 06:19:51,clear sky
613,Astana,51.1801,71.446,23.0,74,0,2.24,KZ,2021-04-01 06:20:15,clear sky
614,Mildura,-34.2,142.15,89.01,14,5,4.61,AU,2021-04-01 06:23:58,clear sky
615,Dongsheng,39.8161,109.9776,41.43,78,100,6.51,CN,2021-04-01 06:22:01,light rain
616,Umm Kaddadah,13.6017,26.6876,73.38,13,7,19.57,SD,2021-04-01 06:22:07,clear sky
617,Taihe,30.8712,105.3845,58.01,56,100,18.12,CN,2021-04-01 06:23:58,overcast clouds
618,Vaitape,-16.5167,-151.75,82.89,69,100,4.43,PF,2021-04-01 06:23:58,overcast clouds
619,Kara-Tyube,44.6336,45.4369,51.84,55,6,17.92,RU,2021-04-01 06:21:15,clear sky
620,Kasane,-17.8167,25.15,68.0,73,0,10.36,BW,2021-04-01 06:23:59,clear sky
621,Khvalynsk,52.4906,48.1058,35.83,90,98,16.11,RU,2021-04-01 06:21:07,overcast clouds
622,Alexandria,31.2156,29.9553,59.0,63,40,12.66,EG,2021-04-01 06:23:11,scattered clouds
623,Dengfeng,34.4553,113.0281,51.35,58,100,5.26,CN,2021-04-01 06:23:59,overcast clouds
624,Uruguaiana,-29.7547,-57.0883,62.6,82,0,10.36,BR,2021-04-01 06:23:59,clear sky
625,Bilari,28.6333,78.8,94.55,3,0,16.31,IN,2021-04-01 06:23:59,clear sky
626,Mongu,-15.2484,23.1274,67.55,70,20,8.16,ZM,2021-04-01 06:24:00,few clouds
627,Tanggu,39.0211,117.6469,66.2,13,0,11.18,CN,2021-04-01 06:24:00,clear sky
628,Aquin,18.2833,-73.4,75.25,82,1,1.86,HT,2021-04-01 06:24:00,clear sky
629,Hastings,50.8552,0.5729,52.0,81,13,3.0,GB,2021-04-01 06:24:00,few clouds
630,Raudeberg,61.9875,5.1352,37.99,90,97,9.15,NO,2021-04-01 06:24:01,overcast clouds
631,Nagato,34.3833,131.2,66.0,55,0,10.36,JP,2021-04-01 06:24:01,clear sky
632,Paita,-5.0892,-81.1144,70.81,78,22,11.1,PE,2021-04-01 06:24:01,few clouds
633,Almaznyy,48.0448,40.045,46.4,66,0,13.42,RU,2021-04-01 06:24:01,clear sky
634,Barcelos,41.5388,-8.6151,60.01,88,40,6.91,PT,2021-04-01 06:24:02,scattered clouds
635,College,64.8569,-147.8028,17.6,67,90,11.5,US,2021-04-01 06:21:54,mist
636,El Alto,-4.2714,-81.2147,70.7,74,20,11.32,PE,2021-04-01 06:24:02,few clouds
637,Waitara,-38.925,174.25,61.0,83,9,18.01,NZ,2021-04-01 06:24:02,clear sky
638,Chapada Dos Guimaraes,-15.4606,-55.7497,75.2,88,0,1.1,BR,2021-04-01 06:24:03,clear sky
639,Khani,41.9563,42.9566,60.8,36,0,35.68,GE,2021-04-01 06:24:03,clear sky
640,Kawalu,-7.3817,108.2082,82.35,77,88,3.85,ID,2021-04-01 06:24:03,overcast clouds
641,Manggar,-2.8833,108.2667,83.82,72,100,4.92,ID,2021-04-01 06:24:03,moderate rain
642,Llangefni,53.2556,-4.3106,48.2,87,0,18.41,GB,2021-04-01 06:21:56,clear sky
643,Belogorsk,50.9158,128.4611,50.94,28,48,12.88,RU,2021-04-01 06:24:03,scattered clouds
644,Lexington,37.9887,-84.4777,37.99,48,1,12.66,US,2021-04-01 06:24:04,clear sky
645,Saint Stephen,50.3333,-4.9,53.6,66,57,8.05,GB,2021-04-01 06:24:04,broken clouds
646,Otradnoye,59.7775,30.8181,39.0,87,0,11.18,RU,2021-04-01 06:20:33,clear sky
647,Alice Town,25.7167,-79.3,77.41,77,75,13.98,BS,2021-04-01 06:24:04,broken clouds
648,Poum,-20.2333,164.0167,77.72,77,100,13.82,NC,2021-04-01 06:18:33,overcast clouds
649,Dera Ismail Khan,31.8327,70.9024,91.53,5,0,21.72,PK,2021-04-01 06:24:05,clear sky
650,Saint-Francois,46.4154,3.9054,44.01,87,0,2.3,FR,2021-04-01 06:20:44,clear sky
651,Coolum Beach,-26.5333,153.1,70.0,89,17,1.01,AU,2021-04-01 06:24:05,moderate rain
652,Marsa Matruh,31.3525,27.2453,55.4,62,40,17.27,EG,2021-04-01 06:24:05,scattered clouds
653,Mwinilunga,-11.7358,24.4293,62.67,94,84,5.93,ZM,2021-04-01 06:21:07,broken clouds
654,Atakpame,7.5333,1.1333,71.87,91,42,3.98,TG,2021-04-01 06:24:05,scattered clouds
655,Armizonskoye,55.9461,67.6736,27.63,86,94,17.63,RU,2021-04-01 06:24:06,overcast clouds
656,Novyy Urgal,51.0736,132.5642,43.68,66,99,11.74,RU,2021-04-01 06:24:06,overcast clouds
657,Lishui,28.4604,119.9103,79.68,73,100,0.43,CN,2021-04-01 06:24:06,overcast clouds
658,Nanma,36.1817,118.1583,56.91,35,96,9.69,CN,2021-04-01 06:24:07,overcast clouds
659,Husum,54.4858,9.0524,46.99,81,75,5.75,DE,2021-04-01 06:24:08,broken clouds
660,Goundam,16.4145,-3.6708,73.33,11,0,8.88,ML,2021-04-01 06:24:08,clear sky
661,Hwange,-18.3693,26.5019,69.12,64,89,2.08,ZW,2021-04-01 06:24:09,overcast clouds
662,Quesnel,52.9999,-122.5029,33.8,75,90,2.3,CA,2021-04-01 06:24:09,overcast clouds
663,Lasa,46.6166,10.7002,50.0,75,0,5.75,IT,2021-04-01 06:21:42,clear sky
664,Sondrio,46.169,9.8692,54.0,63,37,7.25,IT,2021-04-01 06:24:09,scattered clouds
665,Sisimiut,66.9395,-53.6735,25.99,77,100,22.95,GL,2021-04-01 06:24:11,light snow
666,Puntian,7.6089,125.1163,88.65,61,83,5.32,PH,2021-04-01 06:24:11,broken clouds
667,Kholmogory,64.2229,41.656,33.8,93,90,6.71,RU,2021-04-01 06:24:11,light rain and snow
668,Campos Sales,-7.0744,-40.3761,66.31,95,100,4.43,BR,2021-04-01 06:23:52,overcast clouds
669,Puno,-15.8333,-70.0333,41.86,90,100,5.97,PE,2021-04-01 06:24:12,overcast clouds
670,Straseni,47.1414,28.6103,42.8,75,0,3.44,MD,2021-04-01 06:24:12,clear sky
671,Tarko-Sale,64.9225,77.785,15.53,91,100,23.8,RU,2021-04-01 06:24:13,overcast clouds
672,Awjilah,29.1081,21.2869,53.33,58,3,4.38,LY,2021-04-01 06:21:41,clear sky
673,Nara,34.6851,135.8049,75.2,38,75,9.22,JP,2021-04-01 06:21:22,broken clouds
674,Shangqiu,34.45,115.65,51.28,88,100,8.77,CN,2021-04-01 06:24:13,overcast clouds
675,Lagoa,39.05,-27.9833,57.13,68,0,7.7,PT,2021-04-01 06:19:49,clear sky
676,Denpasar,-8.65,115.2167,87.8,74,20,11.5,ID,2021-04-01 06:21:12,few clouds
677,Bose,45.4612,8.0137,60.01,69,93,3.38,IT,2021-04-01 06:24:14,overcast clouds
678,General Pico,-35.6566,-63.7568,56.77,78,2,7.63,AR,2021-04-01 06:20:48,clear sky
679,Mayo,38.8876,-76.5119,50.0,81,90,18.41,US,2021-04-01 06:24:14,overcast clouds
680,Santa Rosa,14.3122,121.1114,93.2,49,20,1.14,PH,2021-04-01 06:24:14,few clouds
681,Itaqui,-29.1253,-56.5531,58.82,75,0,8.08,BR,2021-04-01 06:20:10,clear sky
682,Akureyri,65.6835,-18.0878,44.6,57,90,11.5,IS,2021-04-01 06:19:20,overcast clouds
683,Batagay,67.6333,134.6333,17.49,80,80,6.22,RU,2021-04-01 06:21:17,broken clouds
